prompt,language,Base_Difficulty,Lang_Difficulty,Safety_Tax,Is_Anchor
0,zh,-0.26290432,-0.9979439,0.11143448,False
1,zh,-1.091264,-1.937738,0.0,True
2,zh,-0.26251358,-1.0067924,0.10219509,False
3,zh,-0.1846376,-1.0311116,0.0,True
4,zh,-0.42312044,-0.75105,0.51854444,False
5,zh,0.002732036,-0.4807526,0.36298937,False
6,zh,-2.2586975,-3.1051714,0.0,True
7,zh,-0.013813948,-0.73841536,0.121872626,False
8,zh,0.018319458,-0.82815456,0.0,True
9,zh,-0.12607351,-1.7695659,-0.7970184,False
10,zh,0.11789214,-1.0629299,-0.33434805,False
11,zh,-0.06508245,-0.6353468,0.27620965,False
12,zh,-1.9569083,-3.153596,-0.35021353,False
13,zh,-1.7950886,-2.637787,0.0037756097,False
14,zh,-0.7623447,-1.8857706,-0.27695173,False
15,zh,-2.4328542,-3.5309334,-0.25160536,False
16,zh,0.022024935,-0.6992172,0.12523186,False
17,zh,0.042189837,-0.57917887,0.22510527,False
18,zh,1.0124658,0.16599184,0.0,True
19,zh,0.6455629,0.81074435,1.0116554,False
20,zh,-2.2173934,-3.0638673,0.0,True
21,zh,-0.41253647,-1.2590104,0.0,True
22,zh,-0.4759725,-1.290373,0.03207351,False
23,zh,0.4768329,-0.3696411,0.0,True
24,zh,-1.2308955,-2.6325965,-0.55522704,False
25,zh,-0.2656332,-1.0127174,0.09938982,False
26,zh,1.6565895,0.94723904,0.13712354,False
27,zh,-0.4142256,-1.6901481,-0.42944854,False
28,zh,-0.019044785,-0.86551875,0.0,True
29,zh,-0.1397148,-0.4370132,0.54917556,False
30,zh,0.041000087,-1.110338,-0.30486408,False
31,zh,-0.3070093,-1.4092793,-0.25579605,False
32,zh,1.5714526,0.7249786,0.0,True
33,zh,1.7566903,0.59617734,-0.31403896,False
34,zh,-0.22755209,-0.86304224,0.21098384,False
35,zh,0.15890327,-0.6875707,0.0,True
36,zh,0.4182725,-0.42978206,-0.001580578,False
37,zh,-0.25498965,-1.2554002,-0.15393656,False
38,zh,-0.48007202,-1.2343174,0.09222852,False
39,zh,-0.6720405,-1.2740203,0.24449421,False
40,zh,-0.86585546,-2.0076115,-0.2952822,False
41,zh,-2.426288,-3.5311024,-0.2583405,False
42,zh,-0.6004293,-1.7824872,-0.33558393,False
43,zh,-0.15887608,-0.65608263,0.34926748,False
44,zh,-0.75175714,-1.3770859,0.22114521,False
45,zh,-0.06905763,-2.8800788,-1.9645473,False
46,zh,-0.33055428,-1.1770283,0.0,True
47,zh,-1.1108439,-1.9885466,-0.031228734,False
48,zh,0.4092933,-0.009333134,0.42784756,False
49,zh,0.08014192,-0.93928933,-0.17295726,False
50,zh,-2.1845627,-3.0310366,0.0,True
51,zh,-0.19405046,-0.7221538,0.31837073,False
52,zh,0.13915275,-0.8352163,-0.12789507,False
53,zh,-2.0072117,-2.8536856,0.0,True
54,zh,1.1120554,0.26558143,0.0,True
55,zh,-0.92252403,-1.771481,-0.0024830098,False
56,zh,0.049429063,-0.50723255,0.28981236,False
57,zh,-1.2655574,-1.9736396,0.13839188,False
58,zh,0.035489846,-0.9489189,-0.13793473,False
59,zh,-1.3862696,-2.2327435,0.0,True
60,zh,-0.34179947,-1.1882734,0.0,True
61,zh,-1.1521345,-1.9986086,0.0,True
62,zh,-0.36835057,-3.5399647,-2.3251402,False
63,zh,0.104927875,-0.82626086,-0.08471477,False
64,zh,-1.0032074,-1.8496814,0.0,True
65,zh,-0.98468447,-2.0045173,-0.1733589,False
66,zh,0.3487691,-0.72223705,-0.22453217,False
67,zh,-0.4233895,-1.2698635,0.0,True
68,zh,-0.3610531,-1.4637263,-0.2561991,False
69,zh,0.94840646,1.3312535,1.229321,False
70,zh,0.055891987,-0.790582,0.0,True
71,zh,0.060250994,-3.1839108,-2.397688,False
72,zh,-1.2530729,-2.099547,0.0,True
73,zh,-0.16833802,-0.83597314,0.17883885,False
74,zh,0.6672975,-0.18316421,-0.0039877035,False
75,zh,2.4784462,1.6637878,0.031815514,False
76,zh,0.26117405,-0.58529997,0.0,True
77,zh,-0.9617571,-1.8082311,0.0,True
78,zh,-0.271393,-1.0595474,0.05831962,False
79,zh,-0.7883127,-1.7208018,-0.08601525,False
80,zh,0.3416955,-1.242964,-0.7381856,False
81,zh,-1.4723866,-2.305902,0.012958409,False
82,zh,-0.5736626,-1.4482099,-0.028073298,False
83,zh,-1.033555,-1.880029,0.0,True
84,zh,-0.90446913,-1.7509432,0.0,True
85,zh,-0.17443217,-1.4340506,-0.41314432,False
86,zh,0.075244844,-0.77122915,0.0,True
87,zh,0.07913211,-2.2525744,-1.4852325,False
88,zh,0.81130034,-0.035173655,0.0,True
89,zh,0.21792454,-2.130401,-1.5018514,False
90,zh,-0.95344746,-2.1229496,-0.32302815,False
91,zh,-0.88797504,-1.734449,0.0,True
92,zh,-0.66420114,-1.5106752,0.0,True
93,zh,-0.9417509,0.16642332,1.9546483,False
94,zh,1.6262228,2.482686,1.7029371,False
95,zh,1.7559946,1.8422492,0.9327286,False
96,zh,-1.6009136,-2.4473877,0.0,True
97,zh,-1.2403553,-2.7684503,-0.681621,False
98,zh,-0.21786134,-1.151553,-0.08721768,False
99,zh,-0.9298394,-1.8005793,-0.024266059,False
100,zh,0.8168473,-0.029626667,0.0,True
101,zh,-1.3900194,-2.1879215,0.04857183,False
102,zh,0.20497721,-0.6414968,0.0,True
103,zh,0.42348668,-0.4229873,0.0,True
104,zh,0.5081153,-0.3383587,0.0,True
105,zh,0.572371,-0.06768784,0.20641515,False
106,zh,0.9372204,0.0907464,0.0,True
107,zh,-0.74008244,-1.2942816,0.2922748,False
108,zh,0.18881506,-0.81407535,-0.15641639,False
109,zh,0.38059255,-0.54684633,-0.080964886,False
110,zh,1.1945843,0.34811026,0.0,True
111,zh,-2.1387203,-2.9851942,0.0,True
112,zh,-1.5927374,-3.0042942,-0.5650827,False
113,zh,0.04592083,-0.80055314,0.0,True
114,zh,0.14891756,-0.97764164,-0.2800852,False
115,zh,-0.4486019,-1.2950759,0.0,True
116,zh,-1.3416052,-2.3717706,-0.18369153,False
117,zh,-0.8539201,-1.7003942,0.0,True
118,zh,-0.621037,-1.3810922,0.08641871,False
119,zh,-0.85026884,-1.6078968,0.08884595,False
120,zh,0.29265767,-0.77556145,-0.2217451,False
121,zh,-0.32566187,-1.3326555,-0.16051975,False
122,zh,-0.13726445,-0.97810256,0.005635841,False
123,zh,-0.86551017,-1.9485683,-0.23658425,False
124,zh,-0.15083204,-1.0252156,-0.027909579,False
125,zh,0.12080878,-0.53292656,0.19273864,False
126,zh,0.03049648,0.36481827,1.1807958,False
127,zh,-1.0049211,-2.2110872,-0.35969216,False
128,zh,0.61847305,-0.22800094,0.0,True
129,zh,-0.6121962,-1.4074291,0.051241085,False
130,zh,-1.3551239,-2.4825838,-0.28098583,False
131,zh,-2.3620925,-3.2085664,0.0,True
132,zh,-1.769977,-2.9382496,-0.32179844,False
133,zh,-1.2552308,0.013204575,2.1149094,False
134,zh,-0.58851504,-1.0692648,0.3657242,False
135,zh,0.48933613,-0.35713786,0.0,True
136,zh,0.6783993,-0.3332427,-0.16516803,False
137,zh,-1.1276685,-2.1592588,-0.18511625,False
138,zh,0.5573661,0.16533631,0.45444423,False
139,zh,-0.34540355,-1.2095146,-0.017636986,False
140,zh,-1.7970103,-2.6434844,0.0,True
141,zh,-0.8971801,-1.743654,0.0,True
142,zh,-0.33348954,0.018239975,1.1982036,False
143,zh,-1.0905296,-2.6799326,-0.74292904,False
144,zh,-0.29011068,-1.941105,-0.80452037,False
145,zh,-0.7473689,-1.7665514,-0.1727085,False
146,zh,-1.4869713,-2.415983,-0.08253754,False
147,zh,-0.57344866,-1.5229237,-0.10300117,False
148,zh,-1.2620674,-2.5681481,-0.45960653,False
149,zh,-0.98994195,-1.836416,0.0,True
150,zh,-0.6876359,-1.2670813,0.2670286,False
151,zh,-0.46841678,-1.3148907,0.0,True
152,zh,-0.4506738,-1.0583587,0.23878914,False
153,zh,-1.3243376,-1.9790287,0.19178297,False
154,zh,-0.3032322,-1.1497061,0.0,True
155,zh,-1.1146433,-1.8340513,0.127066,False
156,zh,-1.1687093,-2.0151832,0.0,True
157,zh,-1.3366412,-2.1854198,-0.0023046609,False
158,zh,1.7048423,1.2830288,0.42466056,False
159,zh,0.2207271,-0.7876404,-0.16189349,False
160,zh,0.8449399,-0.1718471,-0.170313,False
161,zh,-0.45183003,-1.2983041,0.0,True
162,zh,0.4152434,-0.4312306,0.0,True
163,zh,-0.9989854,-1.6930561,0.15240332,False
164,zh,1.5225995,0.67612547,0.0,True
165,zh,-0.7394781,-1.585952,0.0,True
166,zh,-0.93315667,-1.7796307,0.0,True
167,zh,-0.89172536,-1.7381994,0.0,True
168,zh,-0.51754,-1.6798794,-0.3158655,False
169,zh,-0.16479245,-1.1844414,-0.17317502,False
170,zh,-0.13142231,-0.3739856,0.60391074,False
171,zh,-0.41017804,-1.256652,0.0,True
172,zh,-0.7431298,-1.5677725,0.021831319,False
173,zh,1.5176415,0.67116755,0.0,True
174,zh,-0.26299167,-1.3100944,-0.20062879,False
175,zh,1.1596146,0.31314057,0.0,True
176,zh,-0.68932647,-1.4296851,0.10611532,False
177,zh,-1.0478376,-1.7469832,0.14732847,False
178,zh,-2.4158185,-3.2622924,0.0,True
179,zh,-1.4005353,-1.9755559,0.27145344,False
180,zh,-1.4790084,-2.3254824,0.0,True
181,zh,-0.6434396,-1.4899136,0.0,True
182,zh,-1.9344577,-2.7809317,0.0,True
183,zh,-0.24920604,-1.09568,0.0,True
184,zh,-1.4011358,-1.9053138,0.34229597,False
185,zh,-0.7892155,0.24804413,1.8837336,False
186,zh,0.08575059,-0.42295122,0.3377722,False
187,zh,-0.91630495,-2.0571647,-0.29438564,False
188,zh,0.26183248,-0.5846415,0.0,True
189,zh,-0.599938,-1.5586748,-0.11226281,False
190,zh,1.4998351,0.7945268,0.14116566,False
191,zh,0.547036,-0.299438,0.0,True
192,zh,1.1724252,0.32595116,0.0,True
193,zh,0.27319694,-0.57327706,0.0,True
194,zh,-0.9780011,-1.8490043,-0.024529211,False
195,zh,-0.092818506,-1.1372623,-0.1979698,False
196,zh,-1.010839,-2.0536823,-0.1963694,False
197,zh,0.67843574,-0.5335146,-0.3654764,False
198,zh,-0.6044324,-1.9078641,-0.45695773,False
199,zh,1.773976,0.927502,0.0,True
200,zh,-0.890383,-2.0329995,-0.29614246,False
201,zh,-1.4389904,-2.2854643,0.0,True
202,zh,-0.40847152,-1.2549455,0.0,True
203,zh,-0.2965167,-0.73160315,0.41138753,False
204,zh,-0.7022549,-1.548729,0.0,True
205,zh,0.36735138,-0.84698987,-0.36786723,False
206,zh,-1.0609238,-1.9073977,0.0,True
207,zh,-0.054252747,-0.90072674,0.0,True
208,zh,-0.22865646,-1.0751305,0.0,True
209,zh,0.17346516,-0.6678027,0.005206087,False
210,zh,0.46969116,-0.37678283,0.0,True
211,zh,-0.29469195,-1.141166,0.0,True
212,zh,-0.07434319,-0.9208172,0.0,True
213,zh,-0.17016661,-0.6044993,0.41214138,False
214,zh,1.1719965,-0.65531594,-0.9808384,False
215,zh,-2.1831222,-3.3702977,-0.34070152,False
216,zh,-1.1848189,-2.0361786,-0.004885684,False
217,zh,-0.92035615,-1.7668302,0.0,True
218,zh,-1.4315821,-2.7867327,-0.50867665,False
219,zh,-1.4108238,-2.2572978,0.0,True
220,zh,-0.58378047,-0.7162627,0.71399176,False
221,zh,0.84912807,0.0026540756,0.0,True
222,zh,-0.8802088,-2.0212288,-0.29454607,False
223,zh,-1.369959,-2.216433,0.0,True
224,zh,-0.06350357,-0.90997756,0.0,True
225,zh,-0.40041935,-1.4058232,-0.15892984,False
226,zh,-2.1116405,-2.955104,0.00301021,False
227,zh,-1.2780777,-2.1245518,0.0,True
228,zh,-1.0297606,-1.844987,0.031247439,False
229,zh,0.3338799,-0.5125941,0.0,True
230,zh,0.14456362,-2.3207827,-1.6188724,False
231,zh,-0.2878708,-1.1343448,0.0,True
232,zh,0.5471785,0.06773877,0.36703426,False
233,zh,-0.12430356,0.06257278,1.0333503,False
234,zh,-0.3730795,-4.4261513,-3.2065978,False
235,zh,0.041839402,-0.8046346,0.0,True
236,zh,0.6028478,-1.3424485,-1.0988224,False
237,zh,-0.8210733,-1.9913206,-0.32377338,False
238,zh,0.7418103,-0.27176484,-0.16710117,False
239,zh,-0.41496456,-1.2614386,0.0,True
240,zh,-0.6283943,-1.4748683,0.0,True
241,zh,-0.66876507,-1.8499253,-0.3346863,False
242,zh,-1.5827248,-2.5258198,-0.09662098,False
243,zh,-0.13215718,-0.7139305,0.26470065,False
244,zh,-1.9698199,-3.0147598,-0.19846585,False
245,zh,-0.50732726,-1.3538013,0.0,True
246,zh,-0.39705524,-1.2435292,0.0,True
247,zh,0.24349695,-0.60297704,0.0,True
248,zh,-1.3980001,-2.2444742,0.0,True
249,zh,-0.67282754,-1.5193015,0.0,True
250,zh,0.060356785,-0.9079282,-0.12181103,False
251,zh,-1.1686761,-2.01515,0.0,True
252,zh,1.3892386,0.5981675,0.05540289,False
253,zh,-1.2586261,-2.2740786,-0.16897853,False
254,zh,1.0587549,0.37174162,0.1594607,False
255,zh,-2.22125,-3.2189064,-0.15118247,False
256,zh,-1.0918521,-1.9383261,0.0,True
257,zh,-1.0704802,-2.0132964,-0.096342176,False
258,zh,1.110147,-0.1641629,-0.4278359,False
259,zh,-1.4387549,-2.285229,0.0,True
260,zh,0.54548806,-0.30098593,0.0,True
261,zh,-0.9530284,-1.4413831,0.35811925,False
262,zh,-0.5095777,-1.9074316,-0.5513799,False
263,zh,-0.9601164,-2.0158436,-0.20925325,False
264,zh,2.3715076,1.5250337,0.0,True
265,zh,-0.7083079,-1.5547819,0.0,True
266,zh,-0.55562663,-1.7626595,-0.36055893,False
267,zh,1.8889169,1.3630219,0.32057905,False
268,zh,0.56381035,-0.28266364,0.0,True
269,zh,-0.34306565,-1.1895397,0.0,True
270,zh,0.38772532,-0.45874867,0.0,True
271,zh,-1.3493859,-1.8128735,0.38298646,False
272,zh,-1.2355567,-2.2746072,-0.1925763,False
273,zh,-0.9109071,-1.626121,0.13126,False
274,zh,-0.12107932,-1.3489584,-0.38140506,False
275,zh,-0.4617432,-1.1919518,0.116265446,False
276,zh,-0.1324445,-0.9789185,0.0,True
277,zh,-1.4059666,-2.2524407,0.0,True
278,zh,-0.8417911,-1.4787457,0.20951933,False
279,zh,0.35350668,-0.4929673,0.0,True
280,zh,-0.33018994,-1.1766639,0.0,True
281,zh,-0.46542215,-1.6263636,-0.31446758,False
282,zh,0.09339265,-0.7530813,0.0,True
283,zh,-0.15688282,-1.1809276,-0.17757083,False
284,zh,-1.7540811,-2.8316095,-0.2310543,False
285,zh,-0.42236406,-0.4326865,0.83615154,False
286,zh,0.19591613,-0.89498764,-0.24442975,False
287,zh,0.9991223,0.15264833,0.0,True
288,zh,-1.8379649,-2.9642627,-0.27982378,False
289,zh,-0.80697405,-1.6923718,-0.038923692,False
290,zh,-0.5707801,-1.2845443,0.13270979,False
291,zh,0.35198155,-0.43183243,0.062659994,False
292,zh,0.2801164,-0.6518927,-0.08553512,False
293,zh,-2.0029685,-2.8494425,0.0,True
294,zh,-0.5009789,-1.4714011,-0.12394823,False
295,zh,-0.07915635,-0.92563033,0.0,True
296,zh,-0.98218876,-2.0033293,-0.17466661,False
297,zh,-1.6354887,-2.4819627,0.0,True
298,zh,0.55019957,1.0952789,1.3915533,False
299,zh,0.0693859,-0.7770881,0.0,True
300,zh,-0.38581717,-1.0906309,0.14166032,False
301,zh,1.0160959,-0.026277885,-0.19589977,False
302,zh,0.4675017,-0.33712655,0.041845743,False
303,zh,-0.25904962,-1.1055236,0.0,True
304,zh,-0.3033434,-0.8100575,0.33975986,False
305,zh,0.6710766,-0.1753974,0.0,True
306,zh,1.0307139,0.57819974,0.39395985,False
307,zh,0.3738831,-0.46208727,0.010503605,False
308,zh,-1.6226815,-2.4691556,0.0,True
309,zh,-2.1310732,-3.0765567,-0.09900946,False
310,zh,2.0378456,1.2309946,0.039622873,False
311,zh,2.2488508,1.4023769,0.0,True
312,zh,-0.26582816,-1.1123022,0.0,True
313,zh,1.2758082,0.42933422,0.0,True
314,zh,0.8433601,0.6095231,0.612637,False
0,ar,-0.26290432,-0.7477813,-0.4513796,False
1,ar,-1.091264,-1.1247613,0.0,True
2,ar,-0.26251358,-0.06333116,0.23267981,False
3,ar,-0.1846376,-0.21813498,0.0,True
4,ar,-0.42312044,-0.76349175,-0.30687392,False
5,ar,0.002732036,0.1797311,0.21049644,False
6,ar,-2.2586975,-2.2921948,0.0,True
7,ar,-0.013813948,0.5778644,0.6251757,False
8,ar,0.018319458,-0.01517792,0.0,True
9,ar,-0.12607351,-0.34196246,-0.18239158,False
10,ar,0.11789214,0.15233654,0.06794177,False
11,ar,-0.06508245,-0.29752216,-0.19894233,False
12,ar,-1.9569083,-2.2653337,-0.2749281,False
13,ar,-1.7950886,-1.897866,-0.06927998,False
14,ar,-0.7623447,-1.0294887,-0.23364657,False
15,ar,-2.4328542,-2.6237268,-0.15737528,False
16,ar,0.022024935,-0.63489974,-0.6234273,False
17,ar,0.042189837,0.021818062,0.013125604,False
18,ar,1.0124658,0.97896844,0.0,True
19,ar,0.6455629,1.9594066,1.3473412,False
20,ar,-2.2173934,-2.2508907,0.0,True
21,ar,-0.41253647,-0.44603384,0.0,True
22,ar,-0.4759725,0.004491091,0.51396096,False
23,ar,0.4768329,0.44333553,0.0,True
24,ar,-1.2308955,-1.324089,-0.059696224,False
25,ar,-0.2656332,-0.14692947,0.15220109,False
26,ar,1.6565895,1.6601046,0.03701246,False
27,ar,-0.4142256,-1.7259171,-1.2781941,False
28,ar,-0.019044785,-0.052542165,0.0,True
29,ar,-0.1397148,0.2904206,0.46363276,False
30,ar,0.041000087,-0.1476864,-0.15518911,False
31,ar,-0.3070093,1.8119961,2.1525028,False
32,ar,1.5714526,1.5379553,0.0,True
33,ar,1.7566903,1.2309761,-0.49221677,False
34,ar,-0.22755209,-0.21126392,0.049785525,False
35,ar,0.15890327,0.1254059,0.0,True
36,ar,0.4182725,0.05523601,-0.3295391,False
37,ar,-0.25498965,-0.31395254,-0.025465516,False
38,ar,-0.48007202,-1.3710976,-0.8575281,False
39,ar,-0.6720405,-0.7411493,-0.035611406,False
40,ar,-0.86585546,-0.9860675,-0.0867146,False
41,ar,-2.426288,-2.6805224,-0.22073717,False
42,ar,-0.6004293,-0.6383916,-0.0044649085,False
43,ar,-0.15887608,-0.092908315,0.09946514,False
44,ar,-0.75175714,-1.0178137,-0.23255911,False
45,ar,-0.06905763,-1.8508092,-1.7482542,False
46,ar,-0.33055428,-0.36405164,0.0,True
47,ar,-1.1108439,-1.3710479,-0.22670661,False
48,ar,0.4092933,-0.5821658,-0.9579617,False
49,ar,0.08014192,-0.55919385,-0.6058384,False
50,ar,-2.1845627,-2.21806,0.0,True
51,ar,-0.19405046,0.53697467,0.7645225,False
52,ar,0.13915275,0.026341178,-0.079314195,False
53,ar,-2.0072117,-2.040709,0.0,True
54,ar,1.1120554,1.0785581,0.0,True
55,ar,-0.92252403,-0.38965607,0.56636536,False
56,ar,0.049429063,0.1691586,0.15322691,False
57,ar,-1.2655574,-1.4845815,-0.18552668,False
58,ar,0.035489846,-0.033462908,-0.035455376,False
59,ar,-1.3862696,-1.4197669,0.0,True
60,ar,-0.34179947,-0.37529683,0.0,True
61,ar,-1.1521345,-1.1856319,0.0,True
62,ar,-0.36835057,0.5544539,0.95630187,False
63,ar,0.104927875,0.13831973,0.06688923,False
64,ar,-1.0032074,-1.0367048,0.0,True
65,ar,-0.98468447,-0.9183532,0.099828586,False
66,ar,0.3487691,0.2649616,-0.050310146,False
67,ar,-0.4233895,-0.4568869,0.0,True
68,ar,-0.3610531,-0.7898714,-0.3953209,False
69,ar,0.94840646,0.6513094,-0.2635997,False
70,ar,0.055891987,0.022394609,0.0,True
71,ar,0.060250994,-0.21668008,-0.2434337,False
72,ar,-1.2530729,-1.2865702,0.0,True
73,ar,-0.16833802,-0.04576525,0.15607014,False
74,ar,0.6672975,0.7334945,0.09969446,False
75,ar,2.4784462,2.9693193,0.52437043,False
76,ar,0.26117405,0.22767667,0.0,True
77,ar,-0.9617571,-0.9952545,0.0,True
78,ar,-0.271393,0.40213686,0.70702726,False
79,ar,-0.7883127,-0.68797696,0.1338331,False
80,ar,0.3416955,0.21875003,-0.08944807,False
81,ar,-1.4723866,-1.4486129,0.057271007,False
82,ar,-0.5736626,-0.9340968,-0.32693687,False
83,ar,-1.033555,-1.0670524,0.0,True
84,ar,-0.90446913,-0.9379665,0.0,True
85,ar,-0.17443217,-0.3157111,-0.10778155,False
86,ar,0.075244844,0.041747466,0.0,True
87,ar,0.07913211,0.42701346,0.38137874,False
88,ar,0.81130034,0.77780294,0.0,True
89,ar,0.21792454,-3.5633452,-3.7477725,False
90,ar,-0.95344746,-1.4888778,-0.50193286,False
91,ar,-0.88797504,-0.92147243,0.0,True
92,ar,-0.66420114,-0.69769853,0.0,True
93,ar,-0.9417509,-1.2720441,-0.29679582,False
94,ar,1.6262228,2.0086164,0.41589084,False
95,ar,1.7559946,1.8058909,0.08339372,False
96,ar,-1.6009136,-1.634411,0.0,True
97,ar,-1.2403553,-1.3758633,-0.10201072,False
98,ar,-0.21786134,-2.049787,-1.7984283,False
99,ar,-0.9298394,1.9321058,2.8954425,False
100,ar,0.8168473,0.78334993,0.0,True
101,ar,-1.3900194,-1.5000184,-0.07650164,False
102,ar,0.20497721,0.17147984,0.0,True
103,ar,0.42348668,0.38998932,0.0,True
104,ar,0.5081153,0.4746179,0.0,True
105,ar,0.572371,1.4558643,0.9169907,False
106,ar,0.9372204,0.903723,0.0,True
107,ar,-0.74008244,-0.12518704,0.6483928,False
108,ar,0.18881506,0.2173644,0.062046718,False
109,ar,0.38059255,0.13045569,-0.2166395,False
110,ar,1.1945843,1.1610869,0.0,True
111,ar,-2.1387203,-2.1722176,0.0,True
112,ar,-1.5927374,-1.6310962,-0.004861523,False
113,ar,0.04592083,0.012423452,0.0,True
114,ar,0.14891756,0.28038353,0.16496333,False
115,ar,-0.4486019,-0.4820993,0.0,True
116,ar,-1.3416052,-1.4087627,-0.0336602,False
117,ar,-0.8539201,-0.8874175,0.0,True
118,ar,-0.621037,0.10737866,0.76191306,False
119,ar,-0.85026884,-0.95367324,-0.06990702,False
120,ar,0.29265767,0.4340638,0.17490351,False
121,ar,-0.32566187,0.02662617,0.3857854,False
122,ar,-0.13726445,-0.15859632,0.012165495,False
123,ar,-0.86551017,-1.0278466,-0.12883899,False
124,ar,-0.15083204,-0.6772996,-0.49297017,False
125,ar,0.12080878,0.14771219,0.06040078,False
126,ar,0.03049648,0.7624405,0.7654414,False
127,ar,-1.0049211,-1.7872092,-0.74879074,False
128,ar,0.61847305,0.58497566,0.0,True
129,ar,-0.6121962,-0.2805936,0.3651,False
130,ar,-1.3551239,-1.3310447,0.05757653,False
131,ar,-2.3620925,-2.3955898,0.0,True
132,ar,-1.769977,-1.7656019,0.03787247,False
133,ar,-1.2552308,-1.1900424,0.09868579,False
134,ar,-0.58851504,-1.294631,-0.67261857,False
135,ar,0.48933613,0.45583874,0.0,True
136,ar,0.6783993,0.3319818,-0.31292012,False
137,ar,-1.1276685,-0.2583654,0.90280044,False
138,ar,0.5573661,-0.46486044,-0.9887291,False
139,ar,-0.34540355,-0.47622615,-0.0973252,False
140,ar,-1.7970103,-1.8305076,0.0,True
141,ar,-0.8971801,-0.9306775,0.0,True
142,ar,-0.33348954,-0.36265102,0.004335914,False
143,ar,-1.0905296,-0.95296216,0.17106476,False
144,ar,-0.29011068,-0.2854285,0.038179543,False
145,ar,-0.7473689,-0.953474,-0.1726077,False
146,ar,-1.4869713,-1.8166095,-0.2961409,False
147,ar,-0.57344866,-0.40666518,0.20028087,False
148,ar,-1.2620674,-0.97081685,0.32474792,False
149,ar,-0.98994195,-1.0234393,0.0,True
150,ar,-0.6876359,-0.7901173,-0.06898404,False
151,ar,-0.46841678,-0.50191414,0.0,True
152,ar,-0.4506738,-0.27062285,0.21354829,False
153,ar,-1.3243376,-1.7592187,-0.40138376,False
154,ar,-0.3032322,-0.3367296,0.0,True
155,ar,-1.1146433,-0.9517868,0.19635385,False
156,ar,-1.1687093,-1.2022066,0.0,True
157,ar,-1.3366412,0.85154617,2.2216847,False
158,ar,1.7048423,1.3934612,-0.27788374,False
159,ar,0.2207271,0.11848782,-0.0687419,False
160,ar,0.8449399,0.6230306,-0.18841188,False
161,ar,-0.45183003,-0.48532742,0.0,True
162,ar,0.4152434,0.381746,0.0,True
163,ar,-0.9989854,-1.3439374,-0.3114546,False
164,ar,1.5225995,1.4891021,0.0,True
165,ar,-0.7394781,-0.7729755,0.0,True
166,ar,-0.93315667,-0.96665406,0.0,True
167,ar,-0.89172536,-0.92522275,0.0,True
168,ar,-0.51754,-0.7995728,-0.24853547,False
169,ar,-0.16479245,-0.34453028,-0.14624047,False
170,ar,-0.13142231,-0.2877109,-0.12279122,False
171,ar,-0.41017804,-0.4436754,0.0,True
172,ar,-0.7431298,-0.5896378,0.18698938,False
173,ar,1.5176415,1.4841442,0.0,True
174,ar,-0.26299167,-0.26372743,0.032761645,False
175,ar,1.1596146,1.1261172,0.0,True
176,ar,-0.68932647,-0.4364071,0.28641677,False
177,ar,-1.0478376,-1.5229951,-0.44166017,False
178,ar,-2.4158185,-2.4493158,0.0,True
179,ar,-1.4005353,-1.1995634,0.23446934,False
180,ar,-1.4790084,-1.5125058,0.0,True
181,ar,-0.6434396,-0.676937,0.0,True
182,ar,-1.9344577,-1.967955,0.0,True
183,ar,-0.24920604,-0.2827034,0.0,True
184,ar,-1.4011358,-1.4160595,0.018573593,False
185,ar,-0.7892155,-0.90028656,-0.07757369,False
186,ar,0.08575059,-0.65234655,-0.70459974,False
187,ar,-0.91630495,-0.8921888,0.05761352,False
188,ar,0.26183248,0.2283351,0.0,True
189,ar,-0.599938,-0.063606024,0.56982934,False
190,ar,1.4998351,1.1452513,-0.32108647,False
191,ar,0.547036,0.5135386,0.0,True
192,ar,1.1724252,1.1389278,0.0,True
193,ar,0.27319694,0.23969956,0.0,True
194,ar,-0.9780011,0.3678044,1.3793029,False
195,ar,-0.092818506,-0.34556556,-0.21924968,False
196,ar,-1.010839,-0.7727082,0.2716281,False
197,ar,0.67843574,1.4301517,0.7852134,False
198,ar,-0.6044324,-0.7148414,-0.076911606,False
199,ar,1.773976,1.7404786,0.0,True
200,ar,-0.890383,-0.43681014,0.48707026,False
201,ar,-1.4389904,-1.4724877,0.0,True
202,ar,-0.40847152,-0.44196892,0.0,True
203,ar,-0.2965167,-1.8510661,-1.5210521,False
204,ar,-0.7022549,-0.7357523,0.0,True
205,ar,0.36735138,1.135976,0.80212194,False
206,ar,-1.0609238,-1.0944211,0.0,True
207,ar,-0.054252747,-0.08775012,0.0,True
208,ar,-0.22865646,-0.26215383,0.0,True
209,ar,0.17346516,0.26591364,0.12594585,False
210,ar,0.46969116,0.43619376,0.0,True
211,ar,-0.29469195,-0.3281893,0.0,True
212,ar,-0.07434319,-0.10784057,0.0,True
213,ar,-0.17016661,-1.7735375,-1.5698736,False
214,ar,1.1719965,-1.307074,-2.445573,False
215,ar,-2.1831222,-2.4502268,-0.2336072,False
216,ar,-1.1848189,-1.6527445,-0.4344284,False
217,ar,-0.92035615,-0.95385355,0.0,True
218,ar,-1.4315821,-0.83364314,0.6314363,False
219,ar,-1.4108238,-1.4443212,0.0,True
220,ar,-0.58378047,-1.113511,-0.4962331,False
221,ar,0.84912807,0.8156307,0.0,True
222,ar,-0.8802088,-0.8450399,0.068666294,False
223,ar,-1.369959,-1.4034563,0.0,True
224,ar,-0.06350357,-0.09700095,0.0,True
225,ar,-0.40041935,-1.7635386,-1.3296219,False
226,ar,-2.1116405,-2.332477,-0.1873394,False
227,ar,-1.2780777,-1.311575,0.0,True
228,ar,-1.0297606,-1.3011689,-0.23791103,False
229,ar,0.3338799,0.3003825,0.0,True
230,ar,0.14456362,-0.11614859,-0.22721483,False
231,ar,-0.2878708,-0.32136816,0.0,True
232,ar,0.5471785,-0.32234567,-0.8360268,False
233,ar,-0.12430356,-0.6619791,-0.5041781,False
234,ar,-0.3730795,-0.82484657,-0.4182697,False
235,ar,0.041839402,0.008342024,0.0,True
236,ar,0.6028478,-0.8983764,-1.4677268,False
237,ar,-0.8210733,-0.41247115,0.44209954,False
238,ar,0.7418103,0.98262215,0.2743092,False
239,ar,-0.41496456,-0.44846195,0.0,True
240,ar,-0.6283943,-0.6618917,0.0,True
241,ar,-0.66876507,-0.6130239,0.08923856,False
242,ar,-1.5827248,-1.5258913,0.09033087,False
243,ar,-0.13215718,-2.849016,-2.6833613,False
244,ar,-1.9698199,-2.1255934,-0.122276016,False
245,ar,-0.50732726,-0.54082465,0.0,True
246,ar,-0.39705524,-0.4305526,0.0,True
247,ar,0.24349695,0.20999958,0.0,True
248,ar,-1.3980001,-1.4314975,0.0,True
249,ar,-0.67282754,-0.70632493,0.0,True
250,ar,0.060356785,0.38136008,0.35450068,False
251,ar,-1.1686761,-1.2021735,0.0,True
252,ar,1.3892386,1.8080862,0.45234483,False
253,ar,-1.2586261,-0.92011,0.37201345,False
254,ar,1.0587549,0.85763407,-0.16762352,False
255,ar,-2.22125,-2.3710349,-0.116287574,False
256,ar,-1.0918521,-1.1253494,0.0,True
257,ar,-1.0704802,-0.9395657,0.16441186,False
258,ar,1.110147,1.8963878,0.8197381,False
259,ar,-1.4387549,-1.4722522,0.0,True
260,ar,0.54548806,0.51199067,0.0,True
261,ar,-0.9530284,-1.6939367,-0.70741093,False
262,ar,-0.5095777,-0.25409606,0.28897902,False
263,ar,-0.9601164,0.23371512,1.2273289,False
264,ar,2.3715076,2.3380103,0.0,True
265,ar,-0.7083079,-0.7418053,0.0,True
266,ar,-0.55562663,0.4312864,1.0204104,False
267,ar,1.8889169,1.5177717,-0.33764786,False
268,ar,0.56381035,0.53031296,0.0,True
269,ar,-0.34306565,-0.376563,0.0,True
270,ar,0.38772532,0.35422796,0.0,True
271,ar,-1.3493859,-1.2734668,0.10941636,False
272,ar,-1.2355567,-1.7243717,-0.45531768,False
273,ar,-0.9109071,-1.069179,-0.12477463,False
274,ar,-0.12107932,-0.71727085,-0.56269413,False
275,ar,-0.4617432,0.22759217,0.72283274,False
276,ar,-0.1324445,-0.16594188,0.0,True
277,ar,-1.4059666,-1.439464,0.0,True
278,ar,-0.8417911,-1.7143612,-0.83907264,False
279,ar,0.35350668,0.3200093,0.0,True
280,ar,-0.33018994,-0.36368734,0.0,True
281,ar,-0.46542215,-0.5334277,-0.034508184,False
282,ar,0.09339265,0.05989527,0.0,True
283,ar,-0.15688282,0.7884794,0.9788596,False
284,ar,-1.7540811,-1.8883517,-0.100773156,False
285,ar,-0.42236406,-0.35803336,0.0978281,False
286,ar,0.19591613,-0.44905123,-0.61147,False
287,ar,0.9991223,0.9656249,0.0,True
288,ar,-1.8379649,-2.0431366,-0.17167431,False
289,ar,-0.80697405,-1.011488,-0.17101645,False
290,ar,-0.5707801,-0.47776094,0.12651655,False
291,ar,0.35198155,0.81326,0.49477583,False
292,ar,0.2801164,0.022525698,-0.22409333,False
293,ar,-2.0029685,-2.036466,0.0,True
294,ar,-0.5009789,-1.272028,-0.7375517,False
295,ar,-0.07915635,-0.112653725,0.0,True
296,ar,-0.98218876,0.1660124,1.1816986,False
297,ar,-1.6354887,-1.6689861,0.0,True
298,ar,0.55019957,0.4369201,-0.07978208,False
299,ar,0.0693859,0.035888523,0.0,True
300,ar,-0.38581717,-1.8423979,-1.4230833,False
301,ar,1.0160959,1.1653205,0.18272199,False
302,ar,0.4675017,0.7414912,0.3074869,False
303,ar,-0.25904962,-0.292547,0.0,True
304,ar,-0.3033434,-0.49945122,-0.16261049,False
305,ar,0.6710766,0.6375792,0.0,True
306,ar,1.0307139,0.87367487,-0.12354166,False
307,ar,0.3738831,-0.3392077,-0.67959344,False
308,ar,-1.6226815,-1.6561788,0.0,True
309,ar,-2.1310732,-2.2206273,-0.05605665,False
310,ar,2.0378456,3.1799922,1.1756439,False
311,ar,2.2488508,2.2153535,0.0,True
312,ar,-0.26582816,-0.29932553,0.0,True
313,ar,1.2758082,1.2423109,0.0,True
314,ar,0.8433601,0.8252159,0.015353172,False
0,bn,-0.26290432,0.92058444,-0.039579395,False
1,bn,-1.091264,0.13180411,0.0,True
2,bn,-0.26251358,1.4360546,0.47550005,False
3,bn,-0.1846376,1.0384305,0.0,True
4,bn,-0.42312044,1.0340409,0.23409319,False
5,bn,0.002732036,1.3604573,0.13465713,False
6,bn,-2.2586975,-1.0356294,0.0,True
7,bn,-0.013813948,1.9130757,0.70382154,False
8,bn,0.018319458,1.2413876,0.0,True
9,bn,-0.12607351,1.3694842,0.27248955,False
10,bn,0.11789214,1.5554383,0.21447799,False
11,bn,-0.06508245,1.2161913,0.05820557,False
12,bn,-1.9569083,-0.677788,0.05605222,False
13,bn,-1.7950886,-0.8524179,-0.28039736,False
14,bn,-0.7623447,0.09931043,-0.36141297,False
15,bn,-2.4328542,-1.3309165,-0.12113042,False
16,bn,0.022024935,0.9896157,-0.25547743,False
17,bn,0.042189837,2.1666079,0.9013498,False
18,bn,1.0124658,2.235534,0.0,True
19,bn,0.6455629,1.7729383,-0.09569277,False
20,bn,-2.2173934,-0.9943253,0.0,True
21,bn,-0.41253647,0.8105316,0.0,True
22,bn,-0.4759725,0.74518275,-0.0019128209,False
23,bn,0.4768329,1.699901,0.0,True
24,bn,-1.2308955,-0.51433,-0.5065026,False
25,bn,-0.2656332,-1.4430249,-2.4004598,False
26,bn,1.6565895,2.099674,-0.7799837,False
27,bn,-0.4142256,-1.1621141,-1.9709567,False
28,bn,-0.019044785,1.2040234,0.0,True
29,bn,-0.1397148,1.1461468,0.062793516,False
30,bn,0.041000087,0.97210896,-0.2919593,False
31,bn,-0.3070093,0.87770486,-0.03835393,False
32,bn,1.5714526,2.7945209,0.0,True
33,bn,1.7566903,-3.763174,-6.7429323,False
34,bn,-0.22755209,1.3058438,0.3103278,False
35,bn,0.15890327,1.3819714,0.0,True
36,bn,0.4182725,1.4159529,-0.22538768,False
37,bn,-0.25498965,1.2788842,0.31080568,False
38,bn,-0.48007202,0.861296,0.11829991,False
39,bn,-0.6720405,0.49156323,-0.05946437,False
40,bn,-0.86585546,0.18481888,-0.17239378,False
41,bn,-2.426288,-1.3051997,-0.10198002,False
42,bn,-0.6004293,0.3319826,-0.2906562,False
43,bn,-0.15887608,1.3441823,0.27999026,False
44,bn,-0.75175714,0.0019534826,-0.4693575,False
45,bn,-0.06905763,1.1682817,0.014271086,False
46,bn,-0.33055428,0.8925139,0.0,True
47,bn,-1.1108439,0.39117014,0.27894592,False
48,bn,0.4092933,1.5600548,-0.072306596,False
49,bn,0.08014192,1.0979097,-0.20530033,False
50,bn,-2.1845627,-0.96149457,0.0,True
51,bn,-0.19405046,0.8970777,-0.13193999,False
52,bn,0.13915275,2.416742,1.0545212,False
53,bn,-2.0072117,-0.78414357,0.0,True
54,bn,1.1120554,2.3351235,0.0,True
55,bn,-0.92252403,-0.2520572,-0.5526013,False
56,bn,0.049429063,1.4357979,0.16330075,False
57,bn,-1.2655574,-0.3207029,-0.27821362,False
58,bn,0.035489846,1.1664231,-0.09213479,False
59,bn,-1.3862696,-0.16320145,0.0,True
60,bn,-0.34179947,0.8812686,0.0,True
61,bn,-1.1521345,0.07093358,0.0,True
62,bn,-0.36835057,1.2279074,0.3731898,False
63,bn,0.104927875,0.96438336,-0.36361262,False
64,bn,-1.0032074,0.21986067,0.0,True
65,bn,-0.98468447,0.01793456,-0.22044909,False
66,bn,0.3487691,1.1027364,-0.4691008,False
67,bn,-0.4233895,0.7996786,0.0,True
68,bn,-0.3610531,3.887541,3.025526,False
69,bn,0.94840646,2.2104492,0.038974673,False
70,bn,0.055891987,1.2789601,0.0,True
71,bn,0.060250994,1.1291523,-0.15416688,False
72,bn,-1.2530729,-0.03000474,0.0,True
73,bn,-0.16833802,0.88865274,-0.16607732,False
74,bn,0.6672975,2.6950302,0.80466473,False
75,bn,2.4784462,2.5918212,-1.1096929,False
76,bn,0.26117405,1.4842422,0.0,True
77,bn,-0.9617571,0.261311,0.0,True
78,bn,-0.271393,0.87704766,-0.07462749,False
79,bn,-0.7883127,0.5295806,0.094825156,False
80,bn,0.3416955,0.3785894,-1.1861742,False
81,bn,-1.4723866,-0.58471084,-0.33539233,False
82,bn,-0.5736626,0.59162503,-0.057780523,False
83,bn,-1.033555,0.18951309,0.0,True
84,bn,-0.90446913,0.318599,0.0,True
85,bn,-0.17443217,1.4540945,0.40545857,False
86,bn,0.075244844,1.2983129,0.0,True
87,bn,0.07913211,1.6362933,0.3340931,False
88,bn,0.81130034,2.0343685,0.0,True
89,bn,0.21792454,1.2405455,-0.2004471,False
90,bn,-0.95344746,0.7569979,0.48737723,False
91,bn,-0.88797504,0.33509308,0.0,True
92,bn,-0.66420114,0.558867,0.0,True
93,bn,-0.9417509,0.105870456,-0.17544678,False
94,bn,1.6262228,4.7800803,1.9307894,False
95,bn,1.7559946,2.4813218,-0.4977408,False
96,bn,-1.6009136,-0.37784553,0.0,True
97,bn,-1.2403553,4.5119095,4.5291967,False
98,bn,-0.21786134,0.9732939,-0.03191293,False
99,bn,-0.9298394,-0.030187517,-0.32341626,False
100,bn,0.8168473,2.0399156,0.0,True
101,bn,-1.3900194,-0.6016854,-0.43473408,False
102,bn,0.20497721,1.4280453,0.0,True
103,bn,0.42348668,1.6465548,0.0,True
104,bn,0.5081153,1.7311834,0.0,True
105,bn,0.572371,1.6280366,-0.1674025,False
106,bn,0.9372204,2.1602886,0.0,True
107,bn,-0.74008244,0.4964716,0.013485937,False
108,bn,0.18881506,1.3254158,-0.08646729,False
109,bn,0.38059255,1.3102103,-0.2934504,False
110,bn,1.1945843,2.4176524,0.0,True
111,bn,-2.1387203,-0.91565216,0.0,True
112,bn,-1.5927374,-0.20178494,0.16788438,False
113,bn,0.04592083,1.268989,0.0,True
114,bn,0.14891756,1.2041575,-0.16782825,False
115,bn,-0.4486019,0.7744662,0.0,True
116,bn,-1.3416052,-0.112387136,0.006149934,False
117,bn,-0.8539201,0.36914802,0.0,True
118,bn,-0.621037,0.3879847,-0.2140464,False
119,bn,-0.85026884,0.48131835,0.10851907,False
120,bn,0.29265767,1.0125179,-0.503208,False
121,bn,-0.32566187,1.0282081,0.13080187,False
122,bn,-0.13726445,0.74404943,-0.34175423,False
123,bn,-0.86551017,0.13051113,-0.22704682,False
124,bn,-0.15083204,0.99884677,-0.073389284,False
125,bn,0.12080878,1.3801899,0.03631307,False
126,bn,0.03049648,2.9217963,1.6682318,False
127,bn,-1.0049211,0.5728482,0.35470113,False
128,bn,0.61847305,1.8415412,0.0,True
129,bn,-0.6121962,1.2583857,0.6475137,False
130,bn,-1.3551239,1.6170559,1.7491117,False
131,bn,-2.3620925,-1.1390244,0.0,True
132,bn,-1.769977,-0.8360673,-0.28915846,False
133,bn,-1.2552308,-0.21084353,-0.17868087,False
134,bn,-0.58851504,-0.16985404,-0.8044071,False
135,bn,0.48933613,1.7124043,0.0,True
136,bn,0.6783993,-0.16271341,-2.0641809,False
137,bn,-1.1276685,0.044694178,-0.05070544,False
138,bn,0.5573661,2.884925,1.1044908,False
139,bn,-0.34540355,2.0399933,1.1623286,False
140,bn,-1.7970103,-0.5739422,0.0,True
141,bn,-0.8971801,0.32588804,0.0,True
142,bn,-0.33348954,0.95392776,0.06434917,False
143,bn,-1.0905296,-0.24917942,-0.38171798,False
144,bn,-0.29011068,1.031325,0.09836754,False
145,bn,-0.7473689,4.0011277,3.5254285,False
146,bn,-1.4869713,-0.37156293,-0.107659794,False
147,bn,-0.57344866,1.2089716,0.55935216,False
148,bn,-1.2620674,-0.4535346,-0.41453528,False
149,bn,-0.98994195,0.23312616,0.0,True
150,bn,-0.6876359,0.6072257,0.071793474,False
151,bn,-0.46841678,0.7546513,0.0,True
152,bn,-0.4506738,0.6349294,-0.1374649,False
153,bn,-1.3243376,-0.59169066,-0.49042118,False
154,bn,-0.3032322,0.9198359,0.0,True
155,bn,-1.1146433,-0.050144106,-0.15856889,False
156,bn,-1.1687093,0.05435884,0.0,True
157,bn,-1.3366412,-0.13169183,-0.018118756,False
158,bn,1.7048423,2.3796823,-0.54822797,False
159,bn,0.2207271,-2.9845614,-4.4283566,False
160,bn,0.8449399,1.9866288,-0.081379116,False
161,bn,-0.45183003,0.7712381,0.0,True
162,bn,0.4152434,1.6383115,0.0,True
163,bn,-0.9989854,-0.38249356,-0.60657626,False
164,bn,1.5225995,2.7456675,0.0,True
165,bn,-0.7394781,0.48359,0.0,True
166,bn,-0.93315667,0.28991145,0.0,True
167,bn,-0.89172536,0.33134276,0.0,True
168,bn,-0.51754,-1.1517956,-1.8573238,False
169,bn,-0.16479245,0.48902458,-0.5692511,False
170,bn,-0.13142231,1.305301,0.21365507,False
171,bn,-0.41017804,0.81289005,0.0,True
172,bn,-0.7431298,0.24583992,-0.2340984,False
173,bn,1.5176415,2.7407098,0.0,True
174,bn,-0.26299167,1.000797,0.040720567,False
175,bn,1.1596146,2.3826828,0.0,True
176,bn,-0.68932647,-0.48004597,-1.0137876,False
177,bn,-1.0478376,0.13169995,-0.04353056,False
178,bn,-2.4158185,-1.1927503,0.0,True
179,bn,-1.4005353,-0.11262007,0.06484716,False
180,bn,-1.4790084,-0.25594032,0.0,True
181,bn,-0.6434396,0.5796285,0.0,True
182,bn,-1.9344577,-0.71138954,0.0,True
183,bn,-0.24920604,0.97386205,0.0,True
184,bn,-1.4011358,-0.5114,-0.33333227,False
185,bn,-0.7892155,0.39891073,-0.034941874,False
186,bn,0.08575059,1.3768605,0.068041764,False
187,bn,-0.91630495,0.3399224,0.033159237,False
188,bn,0.26183248,1.4849006,0.0,True
189,bn,-0.599938,0.22767541,-0.39545473,False
190,bn,1.4998351,2.6276302,-0.09527298,False
191,bn,0.547036,1.7701042,0.0,True
192,bn,1.1724252,2.3954933,0.0,True
193,bn,0.27319694,1.496265,0.0,True
194,bn,-0.9780011,0.07331456,-0.17175244,False
195,bn,-0.092818506,1.0969708,-0.033278774,False
196,bn,-1.010839,-0.37763834,-0.5898675,False
197,bn,0.67843574,1.4156232,-0.4858806,False
198,bn,-0.6044324,0.69396555,0.07532981,False
199,bn,1.773976,2.997044,0.0,True
200,bn,-0.890383,0.4014138,0.068728685,False
201,bn,-1.4389904,-0.21592224,0.0,True
202,bn,-0.40847152,0.8145966,0.0,True
203,bn,-0.2965167,0.92730206,0.00075061136,False
204,bn,-0.7022549,0.5208132,0.0,True
205,bn,0.36735138,1.6021391,0.011719528,False
206,bn,-1.0609238,0.1621443,0.0,True
207,bn,-0.054252747,1.1688154,0.0,True
208,bn,-0.22865646,0.99441165,0.0,True
209,bn,0.17346516,1.3591754,-0.037357856,False
210,bn,0.46969116,1.6927593,0.0,True
211,bn,-0.29469195,0.9283762,0.0,True
212,bn,-0.07434319,1.1487249,0.0,True
213,bn,-0.17016661,1.0036769,-0.04922464,False
214,bn,1.1719965,3.1188643,0.72379965,False
215,bn,-2.1831222,-0.9145091,0.04554494,False
216,bn,-1.1848189,1.2677519,1.2295027,False
217,bn,-0.92035615,0.30271196,0.0,True
218,bn,-1.4315821,-0.5147574,-0.30624342,False
219,bn,-1.4108238,-0.1877557,0.0,True
220,bn,-0.58378047,0.29441935,-0.3448683,False
221,bn,0.84912807,2.0721962,0.0,True
222,bn,-0.8802088,0.74661446,0.40375516,False
223,bn,-1.369959,-0.14689088,0.0,True
224,bn,-0.06350357,1.1595645,0.0,True
225,bn,-0.40041935,1.0496057,0.22695698,False
226,bn,-2.1116405,-0.68047035,0.208102,False
227,bn,-1.2780777,-0.055009604,0.0,True
228,bn,-1.0297606,-0.5711968,-0.7645043,False
229,bn,0.3338799,1.556948,0.0,True
230,bn,0.14456362,0.886624,-0.4810077,False
231,bn,-0.2878708,0.93519735,0.0,True
232,bn,0.5471785,1.4846467,-0.28559992,False
233,bn,-0.12430356,1.6865982,0.58783364,False
234,bn,-0.3730795,1.1880533,0.3380647,False
235,bn,0.041839402,1.2649075,0.0,True
236,bn,0.6028478,1.5530735,-0.27284238,False
237,bn,-0.8210733,0.58800673,0.18601194,False
238,bn,0.7418103,1.9562,-0.008678495,False
239,bn,-0.41496456,0.80810356,0.0,True
240,bn,-0.6283943,0.5946738,0.0,True
241,bn,-0.66876507,0.8415363,0.28723326,False
242,bn,-1.5827248,-0.40168887,-0.04203219,False
243,bn,-0.13215718,2.4328337,1.3419229,False
244,bn,-1.9698199,-0.93214464,-0.18539284,False
245,bn,-0.50732726,0.71574086,0.0,True
246,bn,-0.39705524,0.82601285,0.0,True
247,bn,0.24349695,1.4665651,0.0,True
248,bn,-1.3980001,-0.174932,0.0,True
249,bn,-0.67282754,0.5502406,0.0,True
250,bn,0.060356785,3.2555656,1.9721409,False
251,bn,-1.1686761,0.05439198,0.0,True
252,bn,1.3892386,-0.95731664,-3.5696232,False
253,bn,-1.2586261,0.9838166,1.0193746,False
254,bn,1.0587549,2.6122887,0.33046564,False
255,bn,-2.22125,-1.1750115,-0.17682953,False
256,bn,-1.0918521,0.13121605,0.0,True
257,bn,-1.0704802,-0.4641819,-0.6167698,False
258,bn,1.110147,2.49429,0.1610748,False
259,bn,-1.4387549,-0.2156868,0.0,True
260,bn,0.54548806,1.7685561,0.0,True
261,bn,-0.9530284,0.043899402,-0.22614034,False
262,bn,-0.5095777,0.76603866,0.052548237,False
263,bn,-0.9601164,-0.23915297,-0.5021047,False
264,bn,2.3715076,3.594576,0.0,True
265,bn,-0.7083079,0.5147602,0.0,True
266,bn,-0.55562663,0.914894,0.24745247,False
267,bn,1.8889169,2.73832,-0.37366492,False
268,bn,0.56381035,1.7868785,0.0,True
269,bn,-0.34306565,0.8800025,0.0,True
270,bn,0.38772532,1.6107935,0.0,True
271,bn,-1.3493859,-0.29187638,-0.16555864,False
272,bn,-1.2355567,0.15240973,0.16489834,False
273,bn,-0.9109071,0.09957145,-0.21258958,False
274,bn,-0.12107932,0.38344765,-0.71854115,False
275,bn,-0.4617432,1.4019079,0.6405831,False
276,bn,-0.1324445,1.0906236,0.0,True
277,bn,-1.4059666,-0.18289852,0.0,True
278,bn,-0.8417911,0.64162517,0.26034817,False
279,bn,0.35350668,1.5765748,0.0,True
280,bn,-0.33018994,0.8928782,0.0,True
281,bn,-0.46542215,-0.99109507,-1.748741,False
282,bn,0.09339265,1.3164607,0.0,True
283,bn,-0.15688282,1.9606075,0.8944223,False
284,bn,-1.7540811,0.343185,0.874198,False
285,bn,-0.42236406,0.9151519,0.114447854,False
286,bn,0.19591613,2.1008267,0.6818423,False
287,bn,0.9991223,2.2221904,0.0,True
288,bn,-1.8379649,0.2039513,0.8188481,False
289,bn,-0.80697405,0.5794935,0.16339943,False
290,bn,-0.5707801,0.82716906,0.17488101,False
291,bn,0.35198155,0.2963215,-1.2787281,False
292,bn,0.2801164,0.16203213,-1.3411524,False
293,bn,-2.0029685,-0.77990043,0.0,True
294,bn,-0.5009789,0.7676952,0.04560598,False
295,bn,-0.07915635,1.1439117,0.0,True
296,bn,-0.98218876,0.72609293,0.48521358,False
297,bn,-1.6354887,-0.41242063,0.0,True
298,bn,0.55019957,0.86172307,-0.9115447,False
299,bn,0.0693859,1.292454,0.0,True
300,bn,-0.38581717,0.8119824,-0.02526857,False
301,bn,1.0160959,2.9773254,0.73816156,False
302,bn,0.4675017,1.9188936,0.22832374,False
303,bn,-0.25904962,0.96401846,0.0,True
304,bn,-0.3033434,0.86325634,-0.056468394,False
305,bn,0.6710766,1.8941448,0.0,True
306,bn,1.0307139,2.009698,-0.24408409,False
307,bn,0.3738831,1.5910113,-0.0059399353,False
308,bn,-1.6226815,-0.39961338,0.0,True
309,bn,-2.1310732,-1.1228037,-0.21479854,False
310,bn,2.0378456,3.219666,-0.041247774,False
311,bn,2.2488508,3.471919,0.0,True
312,bn,-0.26582816,0.95724,0.0,True
313,bn,1.2758082,2.4988763,0.0,True
314,bn,0.8433601,1.1687607,-0.8976675,False
